-- MySQL dump 10.13  Distrib 8.0.37, for Linux (aarch64)
--
-- Host: localhost    Database: myapp_development
-- ------------------------------------------------------
-- Server version	8.0.37

/*!40101 SET @OLD_CHARACTER_SET_CLIENT=@@CHARACTER_SET_CLIENT */;
/*!40101 SET @OLD_CHARACTER_SET_RESULTS=@@CHARACTER_SET_RESULTS */;
/*!40101 SET @OLD_COLLATION_CONNECTION=@@COLLATION_CONNECTION */;
/*!50503 SET NAMES utf8mb4 */;
/*!40103 SET @OLD_TIME_ZONE=@@TIME_ZONE */;
/*!40103 SET TIME_ZONE='+00:00' */;
/*!40014 SET @OLD_UNIQUE_CHECKS=@@UNIQUE_CHECKS, UNIQUE_CHECKS=0 */;
/*!40014 SET @OLD_FOREIGN_KEY_CHECKS=@@FOREIGN_KEY_CHECKS, FOREIGN_KEY_CHECKS=0 */;
/*!40101 SET @OLD_SQL_MODE=@@SQL_MODE, SQL_MODE='NO_AUTO_VALUE_ON_ZERO' */;
/*!40111 SET @OLD_SQL_NOTES=@@SQL_NOTES, SQL_NOTES=0 */;

--
-- Table structure for table `ar_internal_metadata`
--

DROP TABLE IF EXISTS `ar_internal_metadata`;
/*!40101 SET @saved_cs_client     = @@character_set_client */;
/*!50503 SET character_set_client = utf8mb4 */;
CREATE TABLE `ar_internal_metadata` (
  `key` varchar(255) NOT NULL,
  `value` varchar(255) DEFAULT NULL,
  `created_at` datetime(6) NOT NULL,
  `updated_at` datetime(6) NOT NULL,
  PRIMARY KEY (`key`)
) ENGINE=InnoDB DEFAULT CHARSET=utf8mb4 COLLATE=utf8mb4_0900_ai_ci;
/*!40101 SET character_set_client = @saved_cs_client */;

--
-- Dumping data for table `ar_internal_metadata`
--

LOCK TABLES `ar_internal_metadata` WRITE;
/*!40000 ALTER TABLE `ar_internal_metadata` DISABLE KEYS */;
INSERT INTO `ar_internal_metadata` VALUES ('environment','development','2024-07-29 05:12:25.615471','2024-07-29 05:23:03.386722'),('schema_sha1','1b47f324debb9fee5ae1d0e537d920955de29e02','2024-07-29 05:12:25.618517','2024-07-29 05:12:25.618517');
/*!40000 ALTER TABLE `ar_internal_metadata` ENABLE KEYS */;
UNLOCK TABLES;

--
-- Table structure for table `choices`
--

DROP TABLE IF EXISTS `choices`;
/*!40101 SET @saved_cs_client     = @@character_set_client */;
/*!50503 SET character_set_client = utf8mb4 */;
CREATE TABLE `choices` (
  `id` bigint NOT NULL AUTO_INCREMENT,
  `question_id` bigint NOT NULL,
  `content` text,
  `is_correct` tinyint(1) DEFAULT NULL,
  `created_at` datetime(6) NOT NULL,
  `updated_at` datetime(6) NOT NULL,
  PRIMARY KEY (`id`),
  KEY `index_choices_on_question_id` (`question_id`),
  CONSTRAINT `fk_rails_182ad7dfd9` FOREIGN KEY (`question_id`) REFERENCES `questions` (`id`)
) ENGINE=InnoDB AUTO_INCREMENT=262 DEFAULT CHARSET=utf8mb4 COLLATE=utf8mb4_0900_ai_ci;
/*!40101 SET character_set_client = @saved_cs_client */;

--
-- Dumping data for table `choices`
--

LOCK TABLES `choices` WRITE;
/*!40000 ALTER TABLE `choices` DISABLE KEYS */;
INSERT INTO `choices` VALUES (1,1,'Ambulance',1,'2024-08-01 07:56:47.667350','2024-08-02 02:29:10.369425'),(2,1,'Fire truck',0,'2024-08-01 07:56:47.669058','2024-08-01 07:56:47.669058'),(3,1,'Police car',0,'2024-08-01 07:56:47.670098','2024-08-01 07:56:47.670098'),(100,2,'Yellow',1,'2024-08-02 06:31:14.295455','2024-08-02 07:25:41.960735'),(101,2,'Blue',0,'2024-08-02 06:31:14.297509','2024-08-02 06:31:14.297509'),(102,2,'Green',0,'2024-08-02 06:31:14.299120','2024-08-02 06:31:14.299120'),(103,3,'Police car',1,'2024-08-02 06:33:04.644450','2024-08-02 07:26:06.601189'),(104,3,'Bicycle',0,'2024-08-02 06:33:04.646163','2024-08-02 06:33:04.646163'),(105,3,'Motorcycle',0,'2024-08-02 06:33:04.647691','2024-08-02 06:33:04.647691'),(106,4,'Collects trash',1,'2024-08-02 07:01:24.515477','2024-08-02 07:26:22.117595'),(107,4,'Delivers mail',0,'2024-08-02 07:01:24.516724','2024-08-02 07:01:24.516724'),(108,4,'sell ice cream',0,'2024-08-02 07:01:24.518104','2024-08-02 07:01:24.518104'),(109,5,'Red',1,'2024-08-02 07:27:36.953784','2024-08-02 07:28:12.179623'),(110,5,'Blue',0,'2024-08-02 07:27:36.955482','2024-08-02 07:27:36.955482'),(111,5,'Green',0,'2024-08-02 07:27:36.956909','2024-08-02 07:27:36.956909'),(112,6,'Siren',1,'2024-08-02 07:29:15.032787','2024-08-02 07:29:21.749589'),(113,6,'Horn',0,'2024-08-02 07:29:15.034304','2024-08-02 07:29:15.034304'),(114,6,'Bell',0,'2024-08-02 07:29:15.035590','2024-08-02 07:29:15.035590'),(115,7,'Ambulance',1,'2024-08-02 07:35:29.223598','2024-08-02 07:38:19.766634'),(116,7,'School bus',0,'2024-08-02 07:35:29.225423','2024-08-02 07:35:29.225423'),(117,7,'Fire truck',0,'2024-08-02 07:35:29.226925','2024-08-02 07:35:29.226925'),(118,8,'Police car',1,'2024-08-02 07:39:14.270569','2024-08-02 07:39:14.270569'),(119,8,'Fire truck',0,'2024-08-02 07:39:14.272492','2024-08-02 07:39:14.272492'),(120,8,'Ambulance',0,'2024-08-02 07:39:14.273833','2024-08-02 07:39:14.273833'),(121,9,'Green',1,'2024-08-07 04:59:10.117967','2024-08-07 04:59:10.117967'),(122,9,'Blue',0,'2024-08-07 04:59:10.119296','2024-08-07 04:59:10.119296'),(123,9,'Red',0,'2024-08-07 04:59:10.120146','2024-08-07 04:59:10.120146'),(124,10,'Police car',0,'2024-08-07 07:43:57.622704','2024-08-07 07:43:57.622704'),(125,10,'Fire truck',0,'2024-08-07 07:43:57.623621','2024-08-07 07:43:57.623621'),(126,10,'School bus',1,'2024-08-07 07:43:57.624449','2024-08-07 07:43:57.624449'),(127,11,'Puts out fires',1,'2024-08-07 07:45:20.039221','2024-08-07 07:45:20.039221'),(128,11,'Delivers mail',0,'2024-08-07 07:45:20.041286','2024-08-07 07:45:20.041286'),(129,11,'Carries people',0,'2024-08-07 07:45:20.042834','2024-08-07 07:45:20.042834'),(130,12,'Yellow',1,'2024-08-07 07:46:55.359277','2024-08-07 07:46:55.359277'),(131,12,'Blue',0,'2024-08-07 07:46:55.360555','2024-08-07 07:46:55.360555'),(132,12,'Green',0,'2024-08-07 07:46:55.361576','2024-08-07 07:46:55.361576'),(133,13,'Fire truck',0,'2024-08-07 07:47:51.485172','2024-08-07 07:47:51.485172'),(134,13,'Taxi',1,'2024-08-07 07:47:51.486386','2024-08-07 07:47:51.486386'),(135,13,'School bus',0,'2024-08-07 07:47:51.487905','2024-08-07 07:47:51.487905'),(136,14,'Bicycle',0,'2024-08-07 07:50:06.844439','2024-08-07 07:50:06.844439'),(137,14,'Police car',1,'2024-08-07 07:50:06.845840','2024-08-07 07:50:06.845840'),(138,14,'Fire truck',0,'2024-08-07 07:50:06.847358','2024-08-07 07:50:06.847358'),(139,15,'Cement mixer',1,'2024-08-07 07:51:53.274246','2024-08-07 07:51:53.274246'),(140,15,'School bus',0,'2024-08-07 07:51:53.275535','2024-08-07 07:51:53.275535'),(141,15,'Fire truck',0,'2024-08-07 07:51:53.277016','2024-08-07 07:51:53.277016'),(142,16,'Fire truck',0,'2024-08-08 06:48:22.835867','2024-08-08 06:48:22.835867'),(143,16,'Ice cream truck',1,'2024-08-08 06:48:22.837707','2024-08-08 06:48:22.837707'),(144,16,'School bus',0,'2024-08-08 06:48:22.838740','2024-08-08 06:48:22.838740'),(145,17,'Fire truck',0,'2024-08-08 06:56:33.592293','2024-08-08 06:56:33.592293'),(146,17,'Ambulance',0,'2024-08-08 06:56:33.593759','2024-08-08 06:56:33.593759'),(147,17,'Ice cream truck',1,'2024-08-08 06:56:33.594684','2024-08-08 06:56:33.594684'),(148,18,'Fire truck',0,'2024-08-08 06:57:59.281129','2024-08-08 06:57:59.281129'),(149,18,'School bus',0,'2024-08-08 06:57:59.283399','2024-08-08 06:57:59.283399'),(150,18,'Tractor',1,'2024-08-08 06:57:59.291009','2024-08-08 06:57:59.291009'),(151,19,'Green',1,'2024-08-08 06:58:53.844666','2024-08-08 06:58:53.844666'),(152,19,'Blue',0,'2024-08-08 06:58:53.846052','2024-08-08 06:58:53.846052'),(153,19,'Red',0,'2024-08-08 06:58:53.847197','2024-08-08 06:58:53.847197'),(154,20,'Bus',0,'2024-08-08 06:59:58.915653','2024-08-08 06:59:58.915653'),(155,20,'Car',0,'2024-08-08 06:59:58.916944','2024-08-08 06:59:58.916944'),(156,20,'Motorcycle',1,'2024-08-08 06:59:58.918346','2024-08-08 06:59:58.918346'),(157,21,'Black',1,'2024-08-08 07:00:33.705740','2024-08-08 07:00:33.705740'),(158,21,'Blue',0,'2024-08-08 07:00:33.707167','2024-08-08 07:00:33.707167'),(159,21,'Green',0,'2024-08-08 07:00:33.709019','2024-08-08 07:00:33.709019'),(160,22,'Motorcycle',1,'2024-08-08 07:01:13.055679','2024-08-08 07:01:13.055679'),(161,22,'Car',0,'2024-08-08 07:01:13.057184','2024-08-08 07:01:13.057184'),(162,22,'Bus',0,'2024-08-08 07:01:13.058470','2024-08-08 07:01:13.058470'),(163,23,'School bus',0,'2024-08-08 07:02:04.974489','2024-08-08 07:02:04.974489'),(164,23,'Crane',1,'2024-08-08 07:02:04.976130','2024-08-08 07:02:04.976130'),(165,23,'Fire truck',0,'2024-08-08 07:02:04.977276','2024-08-08 07:02:04.977276'),(166,24,'Blue',0,'2024-08-08 07:02:38.168375','2024-08-08 07:02:38.168375'),(167,24,'Yellow',1,'2024-08-08 07:02:38.170678','2024-08-08 07:02:38.170678'),(168,24,'Green',0,'2024-08-08 07:02:38.171747','2024-08-08 07:02:38.171747'),(169,25,'Car',0,'2024-08-08 07:03:21.937752','2024-08-08 07:03:21.937752'),(170,25,'Bus',0,'2024-08-08 07:03:21.938760','2024-08-08 07:03:21.938760'),(171,25,'Airplane',1,'2024-08-08 07:03:21.939889','2024-08-08 07:03:21.939889'),(172,26,'Green',0,'2024-08-08 07:04:29.081298','2024-08-08 07:04:29.081298'),(173,26,'White',1,'2024-08-08 07:04:29.083234','2024-08-08 07:04:29.083234'),(174,26,'Blue',0,'2024-08-08 07:04:29.084548','2024-08-08 07:04:29.084548'),(175,27,'Bus',0,'2024-08-08 07:05:02.388950','2024-08-08 07:05:02.388950'),(176,27,'Car',0,'2024-08-08 07:05:02.390113','2024-08-08 07:05:02.390113'),(177,27,'Airplane',1,'2024-08-08 07:05:02.391489','2024-08-08 07:05:02.391489'),(178,28,'Police car',0,'2024-08-08 07:06:45.010794','2024-08-08 07:06:45.010794'),(179,28,'Fire engine',1,'2024-08-08 07:06:45.012730','2024-08-08 07:06:45.012730'),(180,28,'School bus',0,'2024-08-08 07:06:45.013938','2024-08-08 07:06:45.013938'),(181,29,'Delivery truck',1,'2024-08-08 07:08:19.185898','2024-08-08 07:08:19.185898'),(182,29,'Ambulance',0,'2024-08-08 07:08:19.187618','2024-08-08 07:08:19.187618'),(183,29,'Police car',0,'2024-08-08 07:08:19.189011','2024-08-08 07:08:19.189011'),(184,30,'Green',0,'2024-08-08 07:09:04.533724','2024-08-08 07:09:04.533724'),(185,30,'White',1,'2024-08-08 07:09:04.535209','2024-08-08 07:09:04.535209'),(186,30,'Blue',0,'2024-08-08 07:09:04.536928','2024-08-08 07:09:04.536928'),(187,31,'Ambulance',0,'2024-08-08 07:09:36.507498','2024-08-08 07:09:36.507498'),(188,31,'Police car',0,'2024-08-08 07:09:36.509103','2024-08-08 07:09:36.509103'),(189,31,'Delivery truck',1,'2024-08-08 07:09:36.510422','2024-08-08 07:09:36.510422'),(190,32,'Snow plow',1,'2024-08-08 07:10:17.603784','2024-08-08 07:10:17.603784'),(191,32,'School bus',0,'2024-08-08 07:10:17.605036','2024-08-08 07:10:17.605036'),(192,32,'Fire truck',0,'2024-08-08 07:10:17.606865','2024-08-08 07:10:17.606865'),(193,33,'Blue',0,'2024-08-08 07:10:49.493381','2024-08-08 07:10:49.493381'),(194,33,'Green',0,'2024-08-08 07:10:49.494799','2024-08-08 07:10:49.494799'),(195,33,'Orange',1,'2024-08-08 07:10:49.496219','2024-08-08 07:10:49.496219'),(196,34,'Blue',0,'2024-08-08 07:12:11.911584','2024-08-08 07:12:11.911584'),(197,34,'Green',0,'2024-08-08 07:12:11.913078','2024-08-08 07:12:11.913078'),(198,34,'Yellow',1,'2024-08-08 07:12:11.914385','2024-08-08 07:12:11.914385'),(199,35,'Ambulance',0,'2024-08-08 07:13:01.562548','2024-08-08 07:13:01.562548'),(200,35,'Fire truck',0,'2024-08-08 07:13:01.564163','2024-08-08 07:13:01.564163'),(201,35,'Taxi',1,'2024-08-08 07:13:01.565534','2024-08-08 07:13:01.565534'),(202,36,'School bus',0,'2024-08-08 07:13:54.412064','2024-08-08 07:13:54.412064'),(203,36,'Bus',1,'2024-08-08 07:13:54.413799','2024-08-08 07:13:54.413799'),(204,36,'Fire truck',0,'2024-08-08 07:13:54.415120','2024-08-08 07:13:54.415120'),(205,37,'Pink',0,'2024-08-08 07:14:36.072303','2024-08-08 07:14:36.072303'),(206,37,'Skyblue',1,'2024-08-08 07:14:36.073351','2024-08-08 07:14:36.073351'),(207,37,'Purple',0,'2024-08-08 07:14:36.074166','2024-08-08 07:14:36.074166'),(208,38,'School bus',0,'2024-08-08 07:16:03.595701','2024-08-08 07:16:03.595701'),(209,38,'Police car',0,'2024-08-08 07:16:03.597129','2024-08-08 07:16:03.597129'),(210,38,'Mail truck',1,'2024-08-08 07:16:03.598431','2024-08-08 07:16:03.598431'),(211,39,'Yellow',0,'2024-08-08 07:16:46.508711','2024-08-08 07:16:46.508711'),(212,39,'Black',0,'2024-08-08 07:16:46.509748','2024-08-08 07:16:46.509748'),(213,39,'Red',1,'2024-08-08 07:16:46.510708','2024-08-08 07:16:46.510708'),(214,40,'Police car',0,'2024-08-08 07:17:53.863387','2024-08-08 07:17:53.863387'),(215,40,'Mail truck',1,'2024-08-08 07:17:53.864676','2024-08-08 07:17:53.864676'),(216,40,'Fire truck',0,'2024-08-08 07:17:53.865896','2024-08-08 07:17:53.865896'),(217,41,'Police car',0,'2024-08-08 07:26:59.274870','2024-08-08 07:26:59.274870'),(218,41,'Garbage truck',1,'2024-08-08 07:26:59.276268','2024-08-08 07:26:59.276268'),(219,41,'dump truck',0,'2024-08-08 07:26:59.277286','2024-08-08 07:26:59.277286'),(220,42,'Double-decker bus',0,'2024-08-08 07:31:16.097587','2024-08-08 07:31:16.097587'),(221,42,'Helicopter',1,'2024-08-08 07:31:16.098697','2024-08-08 07:31:16.098697'),(222,42,'Bulldozer',0,'2024-08-08 07:31:16.099597','2024-08-08 07:31:16.099597'),(223,43,'White',1,'2024-08-08 07:57:02.520159','2024-08-08 07:57:02.520159'),(224,43,'Black',0,'2024-08-08 07:57:02.521852','2024-08-08 07:57:02.521852'),(225,43,'Gold',0,'2024-08-08 07:57:02.523321','2024-08-08 07:57:02.523321'),(226,44,'Black and white',1,'2024-08-08 07:58:21.336122','2024-08-08 07:58:21.336122'),(227,44,'Green and white',0,'2024-08-08 07:58:21.337623','2024-08-08 07:58:21.337623'),(228,44,'Black and yellow',0,'2024-08-08 07:58:21.338900','2024-08-08 07:58:21.338900'),(229,45,'Bus',0,'2024-08-08 07:59:06.827906','2024-08-08 07:59:06.827906'),(230,45,'Car',0,'2024-08-08 07:59:06.829139','2024-08-08 07:59:06.829139'),(231,45,'Helicopter',1,'2024-08-08 07:59:06.830519','2024-08-08 07:59:06.830519'),(232,46,'Police car',0,'2024-08-08 07:59:56.782111','2024-08-08 07:59:56.782111'),(233,46,'Forklift',0,'2024-08-08 07:59:56.783200','2024-08-08 07:59:56.783200'),(234,46,'Cement mixer',1,'2024-08-08 07:59:56.784104','2024-08-08 07:59:56.784104'),(235,47,'Silver',0,'2024-08-08 08:00:49.584520','2024-08-08 08:00:49.584520'),(236,47,'Pink',0,'2024-08-08 08:00:49.586328','2024-08-08 08:00:49.586328'),(237,47,'Orange',1,'2024-08-08 08:00:49.587619','2024-08-08 08:00:49.587619'),(238,48,'Dump Truck',0,'2024-08-08 08:01:58.003260','2024-08-08 08:01:58.003260'),(239,48,'Tow Truck',1,'2024-08-08 08:01:58.005026','2024-08-08 08:01:58.005026'),(240,48,'Ambulance',0,'2024-08-08 08:01:58.006369','2024-08-08 08:01:58.006369'),(241,49,'Tow truck',0,'2024-08-08 08:03:05.357047','2024-08-08 08:03:05.357047'),(242,49,'Dump truck',1,'2024-08-08 08:03:05.358505','2024-08-08 08:03:05.358505'),(243,49,'Motorcycle',0,'2024-08-08 08:03:05.359698','2024-08-08 08:03:05.359698'),(244,50,'Yellow',0,'2024-08-08 08:04:10.582254','2024-08-08 08:04:10.582254'),(245,50,'White',0,'2024-08-08 08:04:10.583686','2024-08-08 08:04:10.583686'),(246,50,'Blue',1,'2024-08-08 08:04:10.585853','2024-08-08 08:04:10.585853'),(247,51,'Tow truck',1,'2024-08-08 08:05:07.659368','2024-08-08 08:05:07.659368'),(248,51,'Fire truck',0,'2024-08-08 08:05:07.660938','2024-08-08 08:05:07.660938'),(249,51,'Ambulance',0,'2024-08-08 08:05:07.662241','2024-08-08 08:05:07.662241'),(250,52,'Purple',0,'2024-08-08 12:57:24.081294','2024-08-08 12:57:24.081294'),(251,52,'Yellow',1,'2024-08-08 12:57:24.084002','2024-08-08 12:57:24.084002'),(252,52,'Orange',0,'2024-08-08 12:57:24.085118','2024-08-08 12:57:24.085118'),(253,53,'Police car',0,'2024-08-08 12:59:32.393691','2024-08-08 12:59:32.393691'),(254,53,'Garbage truck',0,'2024-08-08 12:59:32.394986','2024-08-08 12:59:32.394986'),(255,53,'Ambulance',1,'2024-08-08 12:59:32.396166','2024-08-08 12:59:32.396166'),(256,54,'Bus',0,'2024-08-08 13:06:26.128214','2024-08-08 13:06:26.128214'),(257,54,'Snow plow',0,'2024-08-08 13:06:26.129397','2024-08-08 13:06:26.129397'),(258,54,'Bulldozer',1,'2024-08-08 13:06:26.130557','2024-08-08 13:06:26.130557'),(259,55,'Fire truck',0,'2024-08-08 13:10:28.638339','2024-08-08 13:10:28.638339'),(260,55,'Dump truck',0,'2024-08-08 13:10:28.639846','2024-08-08 13:10:28.639846'),(261,55,'Street sweeper',1,'2024-08-08 13:10:28.642149','2024-08-08 13:10:28.642149');
/*!40000 ALTER TABLE `choices` ENABLE KEYS */;
UNLOCK TABLES;

--
-- Table structure for table `questions`
--

DROP TABLE IF EXISTS `questions`;
/*!40101 SET @saved_cs_client     = @@character_set_client */;
/*!50503 SET character_set_client = utf8mb4 */;
CREATE TABLE `questions` (
  `id` bigint NOT NULL AUTO_INCREMENT,
  `content` varchar(255) DEFAULT NULL,
  `created_at` datetime(6) NOT NULL,
  `updated_at` datetime(6) NOT NULL,
  `question_image` varchar(255) DEFAULT NULL,
  PRIMARY KEY (`id`)
) ENGINE=InnoDB AUTO_INCREMENT=56 DEFAULT CHARSET=utf8mb4 COLLATE=utf8mb4_0900_ai_ci;
/*!40101 SET character_set_client = @saved_cs_client */;

--
-- Dumping data for table `questions`
--

LOCK TABLES `questions` WRITE;
/*!40000 ALTER TABLE `questions` DISABLE KEYS */;
INSERT INTO `questions` VALUES (1,'What is this?','2024-08-01 07:56:47.660159','2024-08-02 02:13:37.572843','DALL_E_2024-07-18_11.57.06_-_A_clear__high-quality_illustration_of_an_ambulance._The_image_should_show_the_ambulance_prominently_without_any_background__giving_a_clean_and_simple_.webp'),(2,'What color is the school bus?','2024-08-02 06:31:14.290607','2024-08-02 06:31:14.290607','DALL_E_2024-07-18_15.47.14_-_A_high-quality_illustration_of_a_yellow_school_bus_from_the_side._The_image_should_show_the_school_bus_prominently_without_any_background_color__givin.webp'),(3,'Which vehicle has a siren?','2024-08-02 06:33:04.641258','2024-08-02 06:33:04.641258','DALL_E_2024-07-18_15.47.29_-_A_high-quality_illustration_showing_three_equally_sized_vehicles_from_the_side__a_police_car__black_and_white_with_a_red_light_on_top___a_bicycle__yel.webp'),(4,'What does a garbage truck do?','2024-08-02 07:01:24.512111','2024-08-02 08:05:54.598912','DALL_E_2024-07-18_15.55.51_-_A_high-quality_illustration_showing_three_scenes__a_person_collecting_trash_with_a_garbage_can__a_person_delivering_mail_with_a_mail_bag__and_a_person.webp'),(5,'What color is the fire truck?','2024-08-02 07:27:36.948752','2024-08-02 08:01:05.903710','DALL_E_2024-07-18_11.12.00_-_A_clear__high-quality_illustration_of_a_fire_truck._The_image_should_show_the_fire_truck_prominently_without_any_background__giving_a_clean_and_simple.webp'),(6,'What sound does an ambulance make?','2024-08-02 07:29:15.029485','2024-08-02 07:29:15.029485','DALL_E_2024-07-19_11.00.37_-_A_high-quality_illustration_showing_three_images__a_single_siren_light__a_bell__and_a_whistle._The_images_should_be_clearly_visible_and_separated_from.webp'),(7,'Which vehicle carries people to the hospital?','2024-08-02 07:35:29.219333','2024-08-02 07:35:29.219333','DALL_E_2024-07-19_11.01.54_-_A_high-quality_illustration_showing_three_equally_sized_vehicles_from_the_side__an_ambulance__red_and_white___a_school_bus__yellow___and_a_fire_truck_.webp'),(8,'What is this?','2024-08-02 07:39:14.267277','2024-08-02 07:39:14.267277','DALL_E_2024-07-19_11.08.42_-_A_high-quality_illustration_of_a_police_car_from_the_side._The_image_should_show_the_police_car_prominently_without_any_background_color__giving_a_cle.webp'),(9,'What color is the garbage truck?','2024-08-07 04:59:10.113777','2024-08-07 04:59:10.113777','DALL_E_2024-07-19_11.13.10_-_A_high-quality_illustration_of_a_green_garbage_truck_from_the_side._The_image_should_show_the_garbage_truck_prominently_without_any_background_color__.webp'),(10,'What is this vehicle?','2024-08-07 07:43:57.620725','2024-08-07 07:43:57.620725','DALL_E_2024-07-18_15.47.14_-_A_high-quality_illustration_of_a_yellow_school_bus_from_the_side._The_image_should_show_the_school_bus_prominently_without_any_background_color__givin.webp'),(11,'What does a fire truck do?','2024-08-07 07:45:20.035152','2024-08-07 07:45:20.035152','DALL_E_2024-07-19_11.25.59_-_A_high-quality_illustration_showing_three_scenes__a_firefighter_putting_out_fires_on_the_left__a_mail_carrier_delivering_mail_in_the_middle__and_a_doc.webp'),(12,'What color is the bulldozer?','2024-08-07 07:46:55.357202','2024-08-07 07:46:55.357202','DALL_E_2024-07-19_13.08.21_-_A_high-quality_illustration_of_a_yellow_bulldozer_from_the_side._The_image_should_show_the_bulldozer_prominently_without_any_background_color__giving_.webp'),(13,'What is this?','2024-08-07 07:47:51.482820','2024-08-07 07:47:51.482820','DALL_E_2024-07-19_13.37.12_-_A_high-quality_illustration_of_a_yellow_taxi_from_the_side._The_image_should_show_the_taxi_prominently_without_any_background_color__giving_a_clean_an.webp'),(14,'Which vehicle do police officers use?','2024-08-07 07:50:06.841916','2024-08-07 07:50:06.841916','DALL_E_2024-07-19_13.29.43_-_A_high-quality_illustration_showing_three_equally_sized_vehicles_from_the_side__a_police_car__black_and_white_with_a_red_light_on_top__on_the_left__a_.webp'),(15,'What is this?','2024-08-07 07:51:53.271907','2024-08-07 07:51:53.271907','DALL_E_2024-07-19_13.33.59_-_A_high-quality_illustration_of_a_concrete_mixer_truck_from_the_side._The_image_should_show_the_concrete_mixer_truck_prominently_without_any_background.webp'),(16,'What is this?','2024-08-08 06:48:22.830734','2024-08-08 06:48:22.830734','DALL_E_2024-07-18_13.41.31_-_A_clear__high-quality_illustration_of_an_ice_cream_truck._The_image_should_show_the_ice_cream_truck_prominently_without_any_background__giving_a_clean.webp'),(17,'Which vehicle sells ice cream?','2024-08-08 06:56:33.589810','2024-08-08 06:56:33.589810','DALL_E_2024-08-08_15.55.50_-_A_high-quality_illustration_showing_three_equally_sized_vehicles_from_the_side__arranged_in_a_row._The_vehicles_are_an_ice_cream_truck__a_fire_truck__.webp'),(18,'What is this vehicle?','2024-08-08 06:57:59.277297','2024-08-08 06:57:59.277297','DALL_E_2024-07-20_15.54.16_-_A_high-quality_illustration_of_a_green_tractor_from_the_side._The_image_should_show_the_tractor_prominently_without_any_background_color__giving_a_cle.webp'),(19,'What color is the tractor?','2024-08-08 06:58:53.842234','2024-08-08 06:58:53.842234','DALL_E_2024-07-20_15.54.16_-_A_high-quality_illustration_of_a_green_tractor_from_the_side._The_image_should_show_the_tractor_prominently_without_any_background_color__giving_a_cle.webp'),(20,'What is this?','2024-08-08 06:59:58.913118','2024-08-08 06:59:58.913118','DALL_E_2024-07-20_15.59.25_-_A_high-quality_illustration_of_a_black_motorcycle_from_the_side._The_image_should_show_the_motorcycle_prominently_without_any_background_color__with_a.webp'),(21,'What color is the motorcycle?','2024-08-08 07:00:33.703071','2024-08-08 07:00:33.703071','DALL_E_2024-07-20_15.59.25_-_A_high-quality_illustration_of_a_black_motorcycle_from_the_side._The_image_should_show_the_motorcycle_prominently_without_any_background_color__with_a.webp'),(22,'Which vehicle has two wheels?','2024-08-08 07:01:13.052955','2024-08-08 07:01:13.052955','DALL_E_2024-07-20_15.57.59_-_A_high-quality_illustration_showing_three_equally_sized_vehicles_from_the_side__a_motorcycle__black___a_car__and_a_bus._The_vehicles_should_be_clearly.webp'),(23,'What is this vehicle?','2024-08-08 07:02:04.972051','2024-08-08 07:02:04.972051','DALL_E_2024-07-20_15.59.29_-_A_high-quality_illustration_of_a_yellow_crane_from_the_side__emphasizing_the_crane_part._The_image_should_show_the_crane_prominently_without_any_backg.webp'),(24,'What color is the crane?','2024-08-08 07:02:38.166502','2024-08-08 07:02:38.166502','DALL_E_2024-07-20_15.59.29_-_A_high-quality_illustration_of_a_yellow_crane_from_the_side__emphasizing_the_crane_part._The_image_should_show_the_crane_prominently_without_any_backg.webp'),(25,'What is this?','2024-08-08 07:03:21.934874','2024-08-08 07:03:51.873097','DALL_E_2024-07-18_13.42.08_-_A_clear__high-quality_illustration_of_an_airplane._The_image_should_show_the_airplane_prominently_without_any_background__giving_a_clean_and_simple_lo.webp'),(26,'What color is the airplane?','2024-08-08 07:04:29.078769','2024-08-08 07:04:29.078769','DALL_E_2024-07-20_16.01.57_-_A_high-quality_illustration_of_a_white_airplane_from_the_side._The_image_should_show_the_airplane_prominently_without_any_background_color__giving_a_c.webp'),(27,'Which vehicle flies in the sky?','2024-08-08 07:05:02.387002','2024-08-08 07:05:02.387002','DALL_E_2024-07-20_16.01.50_-_A_high-quality_illustration_showing_three_equally_sized_vehicles_from_the_side__an_airplane__white___a_car__and_a_bus._The_vehicles_should_be_clearly_.webp'),(28,'What is this vehicle?','2024-08-08 07:06:45.007529','2024-08-08 07:06:45.007529','DALL_E_2024-07-18_16.00.31_-_A_high-quality_illustration_of_a_red_fire_truck_from_the_side._The_image_should_show_the_fire_truck_prominently_without_any_background_color__giving_a.webp'),(29,'What is this?','2024-08-08 07:08:19.183138','2024-08-08 07:08:19.183138','DALL_E_2024-07-20_16.09.06_-_A_high-quality_illustration_of_a_white_delivery_truck_from_the_side._The_image_should_show_the_delivery_truck_prominently_without_any_background_color.webp'),(30,'What color is the delivery truck?','2024-08-08 07:09:04.531212','2024-08-08 07:09:04.531212','DALL_E_2024-07-20_16.09.06_-_A_high-quality_illustration_of_a_white_delivery_truck_from_the_side._The_image_should_show_the_delivery_truck_prominently_without_any_background_color.webp'),(31,'Which vehicle delivers packages?','2024-08-08 07:09:36.503775','2024-08-08 07:09:36.503775','DALL_E_2024-07-20_16.06.41_-_A_high-quality_illustration_showing_three_equally_sized_vehicles_from_the_side__a_delivery_truck__a_police_car__black_and_white_with_a_red_light_on_to.webp'),(32,'What is this vehicle?','2024-08-08 07:10:17.601374','2024-08-08 07:10:17.601374','DALL_E_2024-07-20_16.09.08_-_A_high-quality_illustration_of_an_orange_snow_plow_from_the_side._The_image_should_show_the_snow_plow_prominently_without_any_background_color__giving.webp'),(33,'What color is the snow plow?','2024-08-08 07:10:49.490910','2024-08-08 07:10:49.490910','DALL_E_2024-07-20_16.09.08_-_A_high-quality_illustration_of_an_orange_snow_plow_from_the_side._The_image_should_show_the_snow_plow_prominently_without_any_background_color__giving.webp'),(34,'What color is the taxi?','2024-08-08 07:12:11.908826','2024-08-08 07:12:11.908826','DALL_E_2024-07-20_16.09.10_-_A_high-quality_illustration_of_a_yellow_taxi_from_the_side._The_image_should_show_the_taxi_prominently_without_any_background_color__giving_a_clean_an.webp'),(35,'Which vehicle takes people where they want to go?','2024-08-08 07:13:01.560098','2024-08-08 07:13:01.560098','DALL_E_2024-07-20_16.09.43_-_A_high-quality_illustration_showing_three_equally_sized_vehicles_from_the_side__a_taxi__yellow___a_fire_truck__red___and_an_ambulance__white_with_red_.webp'),(36,'What is this vehicle?','2024-08-08 07:13:54.409167','2024-08-08 07:13:54.409167','DALL_E_2024-07-18_13.43.04_-_A_clear__high-quality_illustration_of_a_bus._The_image_should_show_the_bus_prominently_without_any_background__giving_a_clean_and_simple_look._The_sty.webp'),(37,'What color is the bus?','2024-08-08 07:14:36.070741','2024-08-08 07:14:36.070741','DALL_E_2024-07-22_09.58.40_-_A_high-quality_illustration_of_a_blue_bus_from_the_side._The_image_should_show_the_bus_prominently_without_any_background_color__giving_a_clean_and_si.webp'),(38,'What is this vehicle?','2024-08-08 07:16:03.592372','2024-08-08 07:16:03.592372','DALL_E_2024-07-19_13.36.55_-_A_high-quality_illustration_of_a_red_mail_truck_with_a___mark_from_the_side._The_image_should_show_the_mail_truck_prominently_without_any_background_c.webp'),(39,'What color is the mail truck?','2024-08-08 07:16:46.507043','2024-08-08 07:16:46.507043','DALL_E_2024-07-19_13.36.55_-_A_high-quality_illustration_of_a_red_mail_truck_with_a___mark_from_the_side._The_image_should_show_the_mail_truck_prominently_without_any_background_c.webp'),(40,'Which vehicle delivers letters?','2024-08-08 07:17:53.861126','2024-08-08 07:17:53.861126','DALL_E_2024-07-18_10.52.38_-_A_colorful_and_simple_illustration_of_a_mail_truck_for_young_children._The_mail_truck_is_designed_in_an_animated_style_with_realistic_details_but_is_m.webp'),(41,'What is this vehicle?','2024-08-08 07:26:59.270752','2024-08-08 07:26:59.270752','DALL_E_2024-08-08_16.25.31_-_A_clear__high-quality_illustration_of_a_green_garbage_truck__viewed_from_a_slight_angle__with_the_truck_facing_the_right._The_design_should_match_the_.webp'),(42,'What is this vehicle?','2024-08-08 07:31:16.095522','2024-08-08 07:31:16.095522','DALL_E_2024-07-18_11.56.49_-_A_clear__high-quality_illustration_of_a_helicopter._The_image_should_show_the_helicopter_prominently_without_any_background__giving_a_clean_and_simple.webp'),(43,'What color is the helicopter?','2024-08-08 07:57:02.516106','2024-08-08 07:57:02.516106','DALL_E_2024-08-08_16.56.36_-_A_high-quality_illustration_of_a_white_helicopter_from_the_side._The_image_should_show_the_helicopter_prominently_without_any_background_color__giving.webp'),(44,'What color is the police car?','2024-08-08 07:58:21.333005','2024-08-08 07:58:21.333005','DALL_E_2024-08-08_16.57.57_-_A_high-quality_illustration_of_a_police_car_from_the_side._The_image_should_show_the_police_car_prominently_without_any_background_color__giving_a_cle.webp'),(45,'Which vehicle can fly?','2024-08-08 07:59:06.825863','2024-08-08 07:59:06.825863','DALL_E_2024-07-20_15.43.28_-_A_high-quality_illustration_showing_three_equally_sized_vehicles_from_the_side__a_helicopter__a_car__and_a_bus._The_vehicles_should_be_clearly_visible.webp'),(46,'What is this?','2024-08-08 07:59:56.780073','2024-08-08 07:59:56.780073','DALL_E_2024-07-18_11.56.54_-_A_clear__high-quality_illustration_of_a_cement_mixer._The_image_should_show_the_cement_mixer_prominently_without_any_background__giving_a_clean_and_si.webp'),(47,'What color is the cement mixer?','2024-08-08 08:00:49.582001','2024-08-08 08:00:49.582001','DALL_E_2024-07-20_15.26.56_-_A_high-quality_illustration_of_an_orange_concrete_mixer_truck_from_the_side._The_image_should_show_the_concrete_mixer_truck_prominently_without_any_ba.webp'),(48,'What is this vehicle?','2024-08-08 08:01:58.000471','2024-08-08 08:01:58.000471','DALL_E_2024-07-18_11.56.51_-_A_clear__high-quality_illustration_of_a_tow_truck._The_image_should_show_the_tow_truck_prominently_without_any_background__giving_a_clean_and_simple_l.webp'),(49,'What is this?','2024-08-08 08:03:05.354619','2024-08-08 08:03:05.354619','DALL_E_2024-07-18_10.54.19_-_A_colorful_and_simple_illustration_of_a_dump_truck_for_young_children._The_dump_truck_is_designed_in_an_animated_style_with_realistic_details_but_is_m.webp'),(50,'What color is the tow truck?','2024-08-08 08:04:10.578950','2024-08-08 08:04:10.578950','DALL_E_2024-07-20_15.27.39_-_A_high-quality_illustration_of_a_blue_tow_truck_from_the_side._The_image_should_show_the_tow_truck_prominently_without_any_background_color__giving_a_.webp'),(51,'Which vehicle helps move broken cars?','2024-08-08 08:05:07.656783','2024-08-08 08:05:07.656783','DALL_E_2024-07-20_15.58.22_-_A_high-quality_illustration_showing_three_equally_sized_vehicles_from_the_side__a_crane__yellow___a_school_bus__yellow___and_a_fire_truck__red_._The_v.webp'),(52,'What color is the dump truck?','2024-08-08 12:57:24.078245','2024-08-08 12:57:24.078245','DALL_E_2024-07-20_15.43.45_-_A_high-quality_illustration_of_a_yellow_dump_truck_from_the_side._The_image_should_show_the_dump_truck_prominently_without_any_background_color__givin.webp'),(53,'Which vehicle helps people when they are sick?','2024-08-08 12:59:32.390358','2024-08-08 12:59:32.390358','DALL_E_2024-08-08_16.58.01_-_A_high-quality_illustration_of_an_ambulance_from_the_side._The_image_should_show_the_ambulance_prominently_without_any_background_color__giving_a_clea.webp'),(54,'What is this?','2024-08-08 13:06:26.125846','2024-08-08 13:06:26.125846','DALL_E_2024-07-18_10.53.16_-_A_colorful_and_simple_illustration_of_a_bulldozer_for_young_children._The_bulldozer_is_designed_in_an_animated_style_with_realistic_details_but_is_mad.webp'),(55,'What is this?','2024-08-08 13:10:28.635868','2024-08-08 13:10:28.635868','DALL_E_2024-07-18_13.43.00_-_A_clear__high-quality_illustration_of_a_street_sweeper._The_image_should_show_the_street_sweeper_prominently_without_any_background__giving_a_clean_an.webp');
/*!40000 ALTER TABLE `questions` ENABLE KEYS */;
UNLOCK TABLES;

--
-- Table structure for table `schema_migrations`
--

DROP TABLE IF EXISTS `schema_migrations`;
/*!40101 SET @saved_cs_client     = @@character_set_client */;
/*!50503 SET character_set_client = utf8mb4 */;
CREATE TABLE `schema_migrations` (
  `version` varchar(255) NOT NULL,
  PRIMARY KEY (`version`)
) ENGINE=InnoDB DEFAULT CHARSET=utf8mb4 COLLATE=utf8mb4_0900_ai_ci;
/*!40101 SET character_set_client = @saved_cs_client */;

--
-- Dumping data for table `schema_migrations`
--

LOCK TABLES `schema_migrations` WRITE;
/*!40000 ALTER TABLE `schema_migrations` DISABLE KEYS */;
INSERT INTO `schema_migrations` VALUES ('0'),('20240729042210'),('20240731053607'),('20240731053725'),('20240731064143'),('20240802013340'),('20240802013529');
/*!40000 ALTER TABLE `schema_migrations` ENABLE KEYS */;
UNLOCK TABLES;

--
-- Table structure for table `users`
--

DROP TABLE IF EXISTS `users`;
/*!40101 SET @saved_cs_client     = @@character_set_client */;
/*!50503 SET character_set_client = utf8mb4 */;
CREATE TABLE `users` (
  `id` bigint NOT NULL AUTO_INCREMENT,
  `email` varchar(255) NOT NULL,
  `crypted_password` varchar(255) DEFAULT NULL,
  `salt` varchar(255) DEFAULT NULL,
  `name` varchar(255) DEFAULT NULL,
  `created_at` datetime(6) NOT NULL,
  `updated_at` datetime(6) NOT NULL,
  PRIMARY KEY (`id`),
  UNIQUE KEY `index_users_on_email` (`email`)
) ENGINE=InnoDB AUTO_INCREMENT=2 DEFAULT CHARSET=utf8mb4 COLLATE=utf8mb4_0900_ai_ci;
/*!40101 SET character_set_client = @saved_cs_client */;

--
-- Dumping data for table `users`
--

LOCK TABLES `users` WRITE;
/*!40000 ALTER TABLE `users` DISABLE KEYS */;
INSERT INTO `users` VALUES (1,'alina172021@gmail.com','$2a$10$WngCQLhGy.VVblhCqq4z3.z6.BqYAD7cZroX5DiiHxO26ZtjjE/h.','rNsxJ69qztoMB5T9Vgsj','admin','2024-07-30 02:32:16.435171','2024-07-30 02:32:16.435171');
/*!40000 ALTER TABLE `users` ENABLE KEYS */;
UNLOCK TABLES;
/*!40103 SET TIME_ZONE=@OLD_TIME_ZONE */;

/*!40101 SET SQL_MODE=@OLD_SQL_MODE */;
/*!40014 SET FOREIGN_KEY_CHECKS=@OLD_FOREIGN_KEY_CHECKS */;
/*!40014 SET UNIQUE_CHECKS=@OLD_UNIQUE_CHECKS */;
/*!40101 SET CHARACTER_SET_CLIENT=@OLD_CHARACTER_SET_CLIENT */;
/*!40101 SET CHARACTER_SET_RESULTS=@OLD_CHARACTER_SET_RESULTS */;
/*!40101 SET COLLATION_CONNECTION=@OLD_COLLATION_CONNECTION */;
/*!40111 SET SQL_NOTES=@OLD_SQL_NOTES */;

-- Dump completed on 2024-08-08 23:25:08
